MbdID,INDEX,MbdName,CategoryName,Numerical Distribution
20083332,CERVEZAS,TOTAL LLANOS,CERVEZAS,0.6823
20003994,CERVEZAS,TOTAL COLOMBIA,CERVEZAS,0.6592
20201426,CERVEZAS,DPTO CESAR LA GUAJIRA MAGDALENA_CERV,CERVEZAS,0.5676
20083679,CERVEZAS,TOTAL MEDELLIN TRADICIONALES PEQUE?,CERVEZAS,0.8879
20126351,CERVEZAS,NEW_TOTAL CARTAGENA METRO_75,CERVEZAS,0.651
20083524,CERVEZAS,PACIFICO TRADICIONALES + CONS LOCAL,CERVEZAS,0.6732
20199304,CERVEZAS,AM BARRANQUILLA ON PREMISE,CERVEZAS,0.523
20083465,CERVEZAS,CENTRO TRADICIONALES + CONS LOCAL,CERVEZAS,0.5986
20003900,CERVEZAS,TRADICIONALES + LICORERIAS PACIFICO ANTIG DEF,CERVEZAS,0.8172
20004049,CERVEZAS,SUPERMERCADOS INDEPENDIENTES (SUP+MIN) ANTIOQUIA-CHOCO,CERVEZAS,1
20201467,CERVEZAS,AM CALI TRADICIONALES_CERV,CERVEZAS,0.7968
20083565,CERVEZAS,TOTAL BOYACA,CERVEZAS,0.7099
20035053,CERVEZAS,CENTRO TRADICIONALES + CONS LOCAL,CERVEZAS,0.5986
20199314,CERVEZAS,AM PEREIRA TRADICIONALES,CERVEZAS,0.827
20035055,CERVEZAS,EJE CAFETERO TRADICIONALES + CONS LOCAL,CERVEZAS,0.6595
20003913,CERVEZAS,TOTAL  MEDELLIN SUR,CERVEZAS,0.7046
20126375,CERVEZAS,NEW_TOTAL CUNDINAMARCA ANTIG DEF_75,CERVEZAS,0.6281
20083729,CERVEZAS,TRADICIONALES + LICORERIAS PACIFICO,CERVEZAS,0.8163
20003978,CERVEZAS,TOTAL ATLANTICO CONVENIENCE,CERVEZAS,1
20003867,CERVEZAS,AUTOSERVICIOS ATLANTICO,CERVEZAS,1
20201469,CERVEZAS,AM CARTAGENA TRADICIONALES_CERV,CERVEZAS,0.8082
20199301,CERVEZAS,AM BOGOTA TRADICIONALES,CERVEZAS,0.7591
20004093,CERVEZAS,TOTAL BOYACA TRAD + CONS LOCAL,CERVEZAS,0.6868
20083474,CERVEZAS,TOTAL CENTRO TRADICIONAL,CERVEZAS,0.7728
20126287,CERVEZAS,NEW_TOTAL VILLAVICENCIO METRO_75,CERVEZAS,0.6536
20083541,CERVEZAS,AUTOSERVICIOS ANTIOQUIA ANTIG DEF,CERVEZAS,1
20083337,CERVEZAS,TOTAL PACIFICO TRADICIONAL,CERVEZAS,0.8029
20003965,CERVEZAS,TOTAL CALI METRO,CERVEZAS,0.6979
20201425,CERVEZAS,DPTO CAQUETA ARAUCA CASANARE PUTUMAYO META_CERV,CERVEZAS,0.691
20083219,CERVEZAS,TRADICIONALES + LICORERIAS ORIENTE ANTIG DEF,CERVEZAS,0.7549
20201492,CERVEZAS,AM BUCARAMANGA TRADICIONALES_CERV,CERVEZAS,0.7792
20004053,CERVEZAS,SUPERMERCADOS INDEPENDIENTES (SUP+MIN) EJE CAFETERO,CERVEZAS,1
20003884,CERVEZAS,CONS LOCAL C/MARCA ANTIG DEF,CERVEZAS,0.5216
20003901,CERVEZAS,TRADICIONALES + LICORERIAS ANTIOQUIA ANTIG DEF,CERVEZAS,0.8814
20083338,CERVEZAS,CONS LOCAL LLANOS,CERVEZAS,0.5793
20083545,CERVEZAS,AUTOSERVICIOS CENTRO ANTIG DEF,CERVEZAS,1
20199124,CERVEZAS,DPTO VALLE DEL CAUCA,CERVEZAS,0.717
20003982,CERVEZAS,TOTAL MEDELLIN TRADICIONALES,CERVEZAS,0.9018
20083715,CERVEZAS,TRADICIONALES + CONS LOCAL COLOMBIA,CERVEZAS,0.6356
20003911,CERVEZAS,TOTAL  MEDELLIN,CERVEZAS,0.7758
20083412,CERVEZAS,CONSUMO LOCAL COLOMBIA,CERVEZAS,0.5581
20199286,CERVEZAS,AM CARTAGENA RESTO,CERVEZAS,1
20083614,CERVEZAS,TOTAL SANTANDERES CONVENIENCE,CERVEZAS,1
20004051,CERVEZAS,SUPERMERCADOS INDEPENDIENTES (SUP+MIN) LLANOS,CERVEZAS,1
20201475,CERVEZAS,AM BARRANQUILLA ON PREMISE_CERV,CERVEZAS,0.523
20199296,CERVEZAS,AM BOGOTA RESTO,CERVEZAS,1
20201479,CERVEZAS,AM CUCUTA TRADICIONALES_CERV,CERVEZAS,0.7006
20021662,CERVEZAS,LICORERIAS R/COLOMBIA,CERVEZAS,1
20003988,CERVEZAS,TOTAL BOGOTA TRADICIONALES,CERVEZAS,0.7638
20201476,CERVEZAS,AM CUCUTA RESTO_CERV_SCAN,CERVEZAS,1
20083600,CERVEZAS,AUTOSERVICIOS ORIENTE ANTIG DEF,CERVEZAS,1
20083563,CERVEZAS,TOTAL BARRANQUILLA ORIENTE,CERVEZAS,0.6333
20083214,CERVEZAS,SUPERMERCADOS INDEPENDIENTES (SUP+MIN) COLOMBIA,CERVEZAS,1
20003964,CERVEZAS,TOTAL CARTAGENA METRO,CERVEZAS,0.651
20126420,CERVEZAS,NEW_TOTAL CALI SUR_75,CERVEZAS,0.6446
20083666,CERVEZAS,CONS LOCAL ORIENTE ANTIG DEF,CERVEZAS,0.5869
20083612,CERVEZAS,TOTAL  CALI   NORTE,CERVEZAS,0.6493
20083394,CERVEZAS,SANTANDERES TRADICIONALES + CONS LOCAL,CERVEZAS,0.6443
20199307,CERVEZAS,AM PEREIRA RESTO,CERVEZAS,1
20083673,CERVEZAS,SUPERMERCADOS INDEPENDIENTES (SUP+MIN) CENTRO,CERVEZAS,1
20126349,CERVEZAS,NEW_TOTAL ATLANTICO CONVENIENCE_75,CERVEZAS,1
20083357,CERVEZAS,TOTAL  MEDELLIN CENTRO,CERVEZAS,0.7566
20199293,CERVEZAS,AM VILLAVICENCIO ON PREMISE,CERVEZAS,0.526
20199292,CERVEZAS,AM CALI RESTO,CERVEZAS,1
20004038,CERVEZAS,TOTAL SANTANDERES TRADICIONAL,CERVEZAS,0.7042
20004013,CERVEZAS,AUTOSERVICIOS COLOMBIA,CERVEZAS,1
20003968,CERVEZAS,TOTAL BARRANQUILLA METRO,CERVEZAS,0.6395
20003962,CERVEZAS,TOTAL BUCARAMANGA METRO,CERVEZAS,0.6895
20201490,CERVEZAS,AM BUCARAMANGA RESTO_CERV_SCAN,CERVEZAS,1
20126364,CERVEZAS,NEW_TOTAL COLOMBIA_75,CERVEZAS,0.6592
20199311,CERVEZAS,AM CALI ON PREMISE,CERVEZAS,0.4686
20003958,CERVEZAS,TRADICIONALES + LICORERIAS ANTIOQUIA-CHOCO,CERVEZAS,0.8691
20003914,CERVEZAS,TOTAL  MEDELLIN NORTE,CERVEZAS,0.8337
20126395,CERVEZAS,NEW_TOTAL ATLANTICO_75,CERVEZAS,0.5643
20199125,CERVEZAS,DPTO CHOCO,CERVEZAS,0.797
20126341,CERVEZAS,NEW_TOTAL SANTANDERES_75,CERVEZAS,0.6674
20201486,CERVEZAS,AM BARRANQUILLA TRADICIONALES_CERV,CERVEZAS,0.6884
20126386,CERVEZAS,NEW_TOTAL LLANOS_75,CERVEZAS,0.6823
20083542,CERVEZAS,TOTAL ORIENTE ANTIG DEF,CERVEZAS,0.6813
20083272,CERVEZAS,AUTOSERVICIOS LLANOS,CERVEZAS,1
20126340,CERVEZAS,NEW_TOTAL CENTRO_75,CERVEZAS,0.6311
20083227,CERVEZAS,COLOMBIA RESTO SUPERMERCADOS_CERV_SCAN,CERVEZAS,1
20199313,CERVEZAS,AM MEDELLIN RESTO,CERVEZAS,1
20083555,CERVEZAS,TOTAL PEREIRA METRO,CERVEZAS,0.7294
20004070,CERVEZAS,SUPERMERCADOS INDEPENDIENTES (SUP+MIN) ANTIOQUIA ANTIG DEF,CERVEZAS,1
20004056,CERVEZAS,SUPERMERCADOS INDEPENDIENTES (SUP+MIN) CENTRO,CERVEZAS,1
20126332,CERVEZAS,NEW_AUTOSERVICIOS ANTIOQUIA ANTIG DEF_75,CERVEZAS,1
20126397,CERVEZAS,NEW_AUTOSERVICIOS PACIFICO ANTIG DEF_75,CERVEZAS,1
20126405,CERVEZAS,NEW_AUTOSERVICIOS SANTANDERES_75,CERVEZAS,1
20126359,CERVEZAS,NEW_AUTOSERVICIOS CENTRO_75,CERVEZAS,1
20035059,CERVEZAS,PACIFICO TRADICIONALES + CONS LOCAL,CERVEZAS,0.6732
20003905,CERVEZAS,TOTAL  CALI   ORIENTE,CERVEZAS,0.7621
20003903,CERVEZAS,TRADICIONALES + LICORERIAS CENTRO ANTIG DEF,CERVEZAS,0.8028
20083204,CERVEZAS,TOTAL EJE CAFETERO,CERVEZAS,0.6876
20199131,CERVEZAS,DPTO CAQUETA ARAUCA CASANARE PUTUMAYO META,CERVEZAS,0.691
20199133,CERVEZAS,DPTO CESAR LA GUAJIRA MAGDALENA,CERVEZAS,0.5676
20021664,CERVEZAS,LICORERIAS R/LLANOS AFI/COLOMBIA,CERVEZAS,1
20003980,CERVEZAS,TOTAL CALI TRADICIONALES PEQUE�,CERVEZAS,0.7832
20003916,CERVEZAS,TOTAL  BOGOTA  OCCIDENTE,CERVEZAS,0.619
20083676,CERVEZAS,TRADICIONALES + LICORERIAS ATLANTICO,CERVEZAS,0.5366
20035057,CERVEZAS,CUNDI-BOY TRADICIONALES + CONS LOCAL,CERVEZAS,0.6184
20201466,CERVEZAS,AM VILLAVICENCIO ON PREMISE_CERV,CERVEZAS,0.526
20201489,CERVEZAS,AM CALI ON PREMISE_CERV,CERVEZAS,0.4686
20203919,CERVEZAS,CONSUMO LOCAL BOGOTA,CERVEZAS,0.5153
20083407,CERVEZAS,TOTAL COLOMBIA METROPOLITANA,CERVEZAS,0.6638
20003904,CERVEZAS,TOTAL  CALI,CERVEZAS,0.6897
20126352,CERVEZAS,NEW_TOTAL PEREIRA METRO_75,CERVEZAS,0.7294
20003859,CERVEZAS,TOTAL COLOMBIA ANTIG DEF,CERVEZAS,0.6553
20004015,CERVEZAS,AUTOSERVICIOS PACIFICO,CERVEZAS,1
20126312,CERVEZAS,NEW_AUTOSERVICIOS ATLANTICO_75,CERVEZAS,1
20003952,CERVEZAS,TRADICIONALES + LICORERIAS COLOMBIA,CERVEZAS,0.7334
20003899,CERVEZAS,TRADICIONALES + LICORERIAS C/MARCA ANTIG DEF,CERVEZAS,0.7773
20083215,CERVEZAS,SUPERMERCADOS INDEPENDIENTES (SUP+MIN) SANTANDERES,CERVEZAS,1
20083561,CERVEZAS,TOTAL  CALI,CERVEZAS,0.6897
20083728,CERVEZAS,TOTAL CENTRO TRADICIONALES + MINIMERCADOS ANTIG DEF,CERVEZAS,0.8197
20126401,CERVEZAS,NEW_TOTAL BOGOTA NORTE_75,CERVEZAS,0.6123
20083424,CERVEZAS,SUPERMERCADOS INDEPENDIENTES (SUP+MIN) ORIENTE ANTIG DEF,CERVEZAS,1
20004035,CERVEZAS,TOTAL CUNDI-BOY TRADICIONAL,CERVEZAS,0.7792
20003909,CERVEZAS,TOTAL BARRANQUILLA ORIENTE,CERVEZAS,0.6333
20004030,CERVEZAS,CONS LOCAL LLANOS,CERVEZAS,0.5793
20199290,CERVEZAS,AM PEREIRA ON PREMISE,CERVEZAS,0.5459
20004075,CERVEZAS,TOTAL CENTRO TRADICIONALES + MINIMERCADOS ANTIG DEF,CERVEZAS,0.8197
20003897,CERVEZAS,TRADICIONALES + LICORERIAS COLOMBIA ANTIG DEF,CERVEZAS,0.7309
20083554,CERVEZAS,SUPERMERCADOS INDEPENDIENTES (SUP+MIN) C_MARCA ANTIG DEF,CERVEZAS,1
20018203,CERVEZAS,COLOMBIA SUPERMERCADOS�INDEPENDIENTES ANTIG DEF,CERVEZAS,1
20083328,CERVEZAS,TRADICIONALES + LICORERIAS SANTANDERES,CERVEZAS,0.7121
20083218,CERVEZAS,TRADICIONALES + LICORERIAS ANTIOQUIA ANTIG DEF,CERVEZAS,0.8814
20126333,CERVEZAS,NEW_TOTAL BARRANQUILLA METRO_75,CERVEZAS,0.6395
20004048,CERVEZAS,SUPERMERCADOS INDEPENDIENTES (SUP+MIN) COLOMBIA,CERVEZAS,1
20083663,CERVEZAS,TOTAL COLOMBIA ANTIG DEF,CERVEZAS,0.6553
20004026,CERVEZAS,CONS LOCAL SANTANDERES,CERVEZAS,0.5776
20083349,CERVEZAS,TRADICIONALES + LICORERIAS CENTRO ANTIG DEF,CERVEZAS,0.8028
20004055,CERVEZAS,SUPERMERCADOS INDEPENDIENTES (SUP+MIN) PACIFICO,CERVEZAS,1
20003992,CERVEZAS,COLOMBIA RESTO SUPERMERCADOS,CERVEZAS,1
20083206,CERVEZAS,TOTAL EJE CAFETERO TRADICIONAL,CERVEZAS,0.8082
20199297,CERVEZAS,AM IBAGUE TRADICIONALES,CERVEZAS,0.8278
20004090,CERVEZAS,AUTOSERVICIOS COLOMBIA ANTIG DEF,CERVEZAS,1
20201480,CERVEZAS,AM BOGOTA ON PREMISE_CERV,CERVEZAS,0.5178
20003865,CERVEZAS,TOTAL ATLANTICO,CERVEZAS,0.5643
20201434,CERVEZAS,DPTO BOYACA_CERV,CERVEZAS,0.7099
20003924,CERVEZAS,LICORERIAS CUNDI-BOY,CERVEZAS,1
20003961,CERVEZAS,TOTAL COLOMBIA METROPOLITANA,CERVEZAS,0.6638
20003878,CERVEZAS,AUTOSERVICIOS ORIENTE ANTIG DEF,CERVEZAS,1
20003960,CERVEZAS,TRADICIONALES + LICORERIAS CENTRO,CERVEZAS,0.7849
20003881,CERVEZAS,AUTOSERVICIOS CUNDINAMARCA ANTIG DEF,CERVEZAS,1
20126290,CERVEZAS,NEW_TOTAL CALI ORIENTE_75,CERVEZAS,0.7621
20003863,CERVEZAS,CONS LOCAL ANTIOQUIA ANTIG DEF,CERVEZAS,0.6854
20083550,CERVEZAS,SUPERMERCADOS INDEPENDIENTES (SUP+MIN) CUNDI_BOY,CERVEZAS,1
20003959,CERVEZAS,TRADICIONALES + LICORERIAS SANTANDERES,CERVEZAS,0.7121
20199310,CERVEZAS,AM BUCARAMANGA ON PREMISE,CERVEZAS,0.5593
20083356,CERVEZAS,TOTAL  MEDELLIN NORTE,CERVEZAS,0.8337
20126396,CERVEZAS,NEW_TOTAL ORIENTE ANTIG DEF_75,CERVEZAS,0.6813
20083607,CERVEZAS,TRADICIONALES + LICORERIAS COLOMBIA ANTIG DEF,CERVEZAS,0.7309
20083334,CERVEZAS,TOTAL COLOMBIA TRADICIONAL,CERVEZAS,0.7185
20083551,CERVEZAS,SUPERMERCADOS INDEPENDIENTES (SUP+MIN) EJE CAFETERO,CERVEZAS,1
20004032,CERVEZAS,TOTAL COLOMBIA TRADICIONAL,CERVEZAS,0.7185
20126337,CERVEZAS,NEW_TOTAL BOGOTA SUR_75,CERVEZAS,0.6614
20201477,CERVEZAS,AM MEDELLIN ON PREMISE_CERV,CERVEZAS,0.6362
20021665,CERVEZAS,LICORERIAS R/CENTRO AFI/COLOMBIA,CERVEZAS,1
20201423,CERVEZAS,DPTO ATLANTICO_CERV,CERVEZAS,0.6228
20083422,CERVEZAS,SUPERMERCADOS INDEPENDIENTES (SUP+MIN) LLANOS,CERVEZAS,1
20083362,CERVEZAS,TOTAL CENTRO CONVENIENCE,CERVEZAS,1
20199299,CERVEZAS,AM MEDELLIN TRADICIONALES,CERVEZAS,0.9017
20201471,CERVEZAS,AM CALI RESTO_CERV_SCAN,CERVEZAS,1
20083562,CERVEZAS,TOTAL BARRANQUILLA,CERVEZAS,0.6423
20201487,CERVEZAS,AM BOGOTA TRADICIONALES_CERV,CERVEZAS,0.7591
20083660,CERVEZAS,TOTAL CENTRO,CERVEZAS,0.6311
20083591,CERVEZAS,TOTAL CALI TRADICIONALES,CERVEZAS,0.7912
20126306,CERVEZAS,NEW_TOTAL EJE CAFETERO_75,CERVEZAS,0.6876
20083560,CERVEZAS,TOTAL  BOGOTA  ORIENTE,CERVEZAS,0.567
20003874,CERVEZAS,CONS LOCAL CENTRO ANTIG DEF,CERVEZAS,0.4682
20003885,CERVEZAS,TOTAL PACIFICO ANTIG DEF,CERVEZAS,0.6932
20126309,CERVEZAS,NEW_TOTAL CUNDI_BOY CONVENIENCE_75,CERVEZAS,1
20035052,CERVEZAS,LLANOS TRADICIONALES + CONS LOCAL,CERVEZAS,0.6527
20126302,CERVEZAS,NEW_TOTAL BARRANQUILLA OCCIDENTE_75,CERVEZAS,0.6546
20004071,CERVEZAS,SUPERMERCADOS INDEPENDIENTES (SUP+MIN) CENTRO ANTIG DEF,CERVEZAS,1
20126421,CERVEZAS,NEW_AUTOSERVICIOS ANTIOQUIA_CHOCO_75,CERVEZAS,1
20201474,CERVEZAS,AM PEREIRA RESTO_CERV_SCAN,CERVEZAS,1
20126330,CERVEZAS,NEW_TOTAL ANTIOQUIA ANTIG DEF_75,CERVEZAS,0.7831
20199129,CERVEZAS,DPTO ATLANTICO,CERVEZAS,0.6228
20126414,CERVEZAS,NEW_TOTAL LLANOS CONVENIENCE_75,CERVEZAS,1
20083613,CERVEZAS,TOTAL COLOMBIA CONVENIENCE,CERVEZAS,1
20004025,CERVEZAS,CONS LOCAL ANTIOQUIA-CHOCO,CERVEZAS,0.6938
20003987,CERVEZAS,TOTAL BARRANQUILLA TRADICIONALES PEQUE�,CERVEZAS,0.5319
20126419,CERVEZAS,NEW_TOTAL BARRANQUILLA ORIENTE_75,CERVEZAS,0.6333
20126398,CERVEZAS,NEW_AUTOSERVICIOS COLOMBIA ANTIG DEF_75,CERVEZAS,1
20083670,CERVEZAS,CONS LOCAL PACIFICO ANTIG DEF,CERVEZAS,0.4663
20199287,CERVEZAS,AM CUCUTA TRADICIONALES,CERVEZAS,0.7006
20003944,CERVEZAS,TOTAL PACIFICO TRADICIONALES + MINIMERCADOS,CERVEZAS,0.8236
20199300,CERVEZAS,AM BUCARAMANGA RESTO,CERVEZAS,1
20003972,CERVEZAS,TOTAL CENTRO CONVENIENCE,CERVEZAS,1
20083355,CERVEZAS,TOTAL  BOGOTA  NORTE,CERVEZAS,0.6123
20083427,CERVEZAS,TOTAL  BOGOTA  SUR,CERVEZAS,0.6614
20003907,CERVEZAS,TOTAL  CALI   NORTE,CERVEZAS,0.6493
20035065,CERVEZAS,TRADICIONALES + CONS LOCAL ATLANTICO,CERVEZAS,0.5468
20004050,CERVEZAS,SUPERMERCADOS INDEPENDIENTES (SUP+MIN) SANTANDERES,CERVEZAS,1
20083340,CERVEZAS,CONS LOCAL CENTRO,CERVEZAS,0.4376
20003889,CERVEZAS,CONS LOCAL PACIFICO ANTIG DEF,CERVEZAS,0.4663
20201478,CERVEZAS,AM IBAGUE TRADICIONALES_CERV,CERVEZAS,0.8278
20126314,CERVEZAS,NEW_TOTAL CUCUTA METRO_75,CERVEZAS,0.6465
20199122,CERVEZAS,DPTO BOYACA,CERVEZAS,0.7099
20199120,CERVEZAS,DPTO CUNDINAMARCA,CERVEZAS,0.6471
20199285,CERVEZAS,TOTAL 10 CIUDADES METRO,CERVEZAS,0.6638
20003998,CERVEZAS,TOTAL CUNDI-BOY,CERVEZAS,0.6418
20083595,CERVEZAS,TOTAL ANTIOQUIA_CHOCO,CERVEZAS,0.7845
20126303,CERVEZAS,NEW_AUTOSERVICIOS LLANOS_75,CERVEZAS,1
20083283,CERVEZAS,TOTAL  CALI   SUR,CERVEZAS,0.6446
20004036,CERVEZAS,TOTAL EJE CAFETERO TRADICIONAL,CERVEZAS,0.8082
20083425,CERVEZAS,TOTAL CUCUTA METRO,CERVEZAS,0.6465
20083475,CERVEZAS,AUTOSERVICIOS ANTIOQUIA_CHOCO,CERVEZAS,1
20003974,CERVEZAS,TOTAL SANTANDERES CONVENIENCE,CERVEZAS,1
20003971,CERVEZAS,TOTAL CUCUTA METRO,CERVEZAS,0.6465
20126357,CERVEZAS,NEW_TOTAL BOGOTA OCCIDENTE_75,CERVEZAS,0.619
20003990,CERVEZAS,TOTAL BOGOTA TRADICIONALES GRANDE,CERVEZAS,0.8044
20083472,CERVEZAS,TRADICIONALES + LICORERIAS EJE CAFETERO,CERVEZAS,0.8222
20003908,CERVEZAS,TOTAL BARRANQUILLA,CERVEZAS,0.6423
20126384,CERVEZAS,NEW_TOTAL MEDELLIN SUR_75,CERVEZAS,0.7046
20003966,CERVEZAS,TOTAL PEREIRA METRO,CERVEZAS,0.7294
20201484,CERVEZAS,AM CARTAGENA ON PREMISE_CERV,CERVEZAS,0.4174
20083417,CERVEZAS,TOTAL CUNDINAMARCA ANTIG DEF,CERVEZAS,0.6281
20083486,CERVEZAS,SUPERMERCADOS INDEPENDIENTES (SUP+MIN) PACIFICO ANTIG DEF,CERVEZAS,1
20004033,CERVEZAS,TOTAL LLANOS TRADICIONAL,CERVEZAS,0.7602
20201424,CERVEZAS,DPTO CHOCO_CERV,CERVEZAS,0.797
20003984,CERVEZAS,TOTAL MEDELLIN TRADICIONALES PEQUE�,CERVEZAS,0.8879
20003923,CERVEZAS,LICORERIAS EJE CAFETERO,CERVEZAS,1
20004067,CERVEZAS,SUPERMERCADOS INDEPENDIENTES (SUP+MIN) ORIENTE ANTIG DEF,CERVEZAS,1
20201421,CERVEZAS,DPTO SANTANDER NORTE DE SANTANDER_CERV,CERVEZAS,0.6674
20126394,CERVEZAS,NEW_TOTAL CENTRO CONVENIENCE_75,CERVEZAS,1
20083331,CERVEZAS,TOTAL MEDELLIN TRADICIONALES,CERVEZAS,0.9018
20083226,CERVEZAS,TOTAL CUNDI_BOY CONVENIENCE,CERVEZAS,1
20083333,CERVEZAS,TOTAL SANTANDERES,CERVEZAS,0.6674
20083223,CERVEZAS,TOTAL CALI TRADICIONALES GRANDE,CERVEZAS,0.8241
20126415,CERVEZAS,NEW_AUTOSERVICIOS CUNDINAMARCA ANTIG DEF_75,CERVEZAS,1
20083335,CERVEZAS,TOTAL SANTANDERES TRADICIONAL,CERVEZAS,0.7042
20083675,CERVEZAS,SUPERMERCADOS INDEPENDIENTES (SUP+MIN) COLOMBIA ANTIG DEF,CERVEZAS,1
20083485,CERVEZAS,SUPERMERCADOS INDEPENDIENTES (SUP+MIN) ANTIOQUIA ANTIG DEF,CERVEZAS,1
20035054,CERVEZAS,SANTANDERES TRADICIONALES + CONS LOCAL,CERVEZAS,0.6443
20083532,CERVEZAS,TOTAL BARRANQUILLA TRADICIONALES,CERVEZAS,0.708
20035056,CERVEZAS,ANTIOQUIA-CHOCO TRADICIONALES + CONS LOCAL,CERVEZAS,0.7656
20083597,CERVEZAS,AUTOSERVICIOS CUNDI_BOY,CERVEZAS,1
20083225,CERVEZAS,TOTAL ATLANTICO CONVENIENCE,CERVEZAS,1
20004016,CERVEZAS,AUTOSERVICIOS ANTIOQUIA-CHOCO,CERVEZAS,1
20083716,CERVEZAS,ANTIOQUIA_CHOCO TRADICIONALES + CONS LOCAL,CERVEZAS,0.7656
20083564,CERVEZAS,TOTAL LLANOS CONVENIENCE,CERVEZAS,1
20003879,CERVEZAS,CONS LOCAL ORIENTE ANTIG DEF,CERVEZAS,0.5869
20201482,CERVEZAS,AM VILLAVICENCIO TRADICIONALES_CERV,CERVEZAS,0.765
20083596,CERVEZAS,CONS LOCAL PACIFICO,CERVEZAS,0.4703
20083603,CERVEZAS,CONSUMO LOCAL COLOMBIA ANTIG DEF,CERVEZAS,0.5539
20083531,CERVEZAS,TOTAL BOGOTA TRADICIONALES,CERVEZAS,0.7638
20126331,CERVEZAS,NEW_AUTOSERVICIOS ORIENTE ANTIG DEF_75,CERVEZAS,1
20083478,CERVEZAS,LICORERIAS COLOMBIA,CERVEZAS,1
20035051,CERVEZAS,TRADICIONALES + CONS LOCAL COLOMBIA,CERVEZAS,0.6356
20199298,CERVEZAS,AM VILLAVICENCIO RESTO,CERVEZAS,1
20201427,CERVEZAS,DPTO BOLIVAR CORDOBA SUCRE_CERV,CERVEZAS,0.5228
20126318,CERVEZAS,NEW_TOTAL CALI_75,CERVEZAS,0.6897
20004028,CERVEZAS,CONS LOCAL ATLANTICO,CERVEZAS,0.5955
20003953,CERVEZAS,TRADICIONALES + LICORERIAS EJE CAFETERO,CERVEZAS,0.8222
20083479,CERVEZAS,TOTAL ATLANTICO,CERVEZAS,0.5643
20083210,CERVEZAS,CONS LOCAL ATLANTICO,CERVEZAS,0.5955
20003919,CERVEZAS,TOTAL  BOGOTA  NORTE,CERVEZAS,0.6123
20126381,CERVEZAS,NEW_TOTAL BARRANQUILLA_75,CERVEZAS,0.6423
20003983,CERVEZAS,TOTAL MEDELLIN TRADICIONALES GRANDE,CERVEZAS,0.9639
20165892,CERVEZAS,COL R CENTRO + EJE CAFETERO+ LLANOS + SANTANDERES LICORERIAS,CERVEZAS,1
20003970,CERVEZAS,TOTAL MEDELLIN METRO,CERVEZAS,0.773
20083342,CERVEZAS,LICORERIAS PACIFICO,CERVEZAS,1
20126322,CERVEZAS,NEW_TOTAL ANTIOQUIA_CHOCO_75,CERVEZAS,0.7845
20083220,CERVEZAS,TOTAL CARTAGENA METRO,CERVEZAS,0.651
20083339,CERVEZAS,CONS LOCAL CUNDI_BOY,CERVEZAS,0.538
20083546,CERVEZAS,AUTOSERVICIOS PACIFICO ANTIG DEF,CERVEZAS,1
20083284,CERVEZAS,TOTAL BARRANQUILLA TRADICIONALES PEQUE?,CERVEZAS,0.5319
20083282,CERVEZAS,TOTAL  MEDELLIN,CERVEZAS,0.7758
20083678,CERVEZAS,TOTAL  BOGOTA,CERVEZAS,0.6213
20126399,CERVEZAS,NEW_TOTAL MEDELLIN METRO_75,CERVEZAS,0.773
20083207,CERVEZAS,AUTOSERVICIOS COLOMBIA,CERVEZAS,1
20003898,CERVEZAS,TRADICIONALES + LICORERIAS ORIENTE ANTIG DEF,CERVEZAS,0.7549
20083599,CERVEZAS,CONS LOCAL ANTIOQUIA ANTIG DEF,CERVEZAS,0.6854
20083212,CERVEZAS,TOTAL CENTRO ANTIG DEF,CERVEZAS,0.6571
20003969,CERVEZAS,TOTAL BOGOTA METRO,CERVEZAS,0.623
20201481,CERVEZAS,AM BUCARAMANGA ON PREMISE_CERV,CERVEZAS,0.5593
20126311,CERVEZAS,NEW_TOTAL PACIFICO ANTIG DEF_75,CERVEZAS,0.6932
20004069,CERVEZAS,SUPERMERCADOS INDEPENDIENTES (SUP+MIN) PACIFICO ANTIG DEF,CERVEZAS,1
20083655,CERVEZAS,TRADICIONALES + LICORERIAS ANTIOQUIA-CHOCO,CERVEZAS,0.8691
20003875,CERVEZAS,TOTAL ORIENTE ANTIG DEF,CERVEZAS,0.6813
20004014,CERVEZAS,AUTOSERVICIOS CUNDI-BOY,CERVEZAS,1
20126392,CERVEZAS,NEW_TOTAL PACIFICO CONVENIENCE_75,CERVEZAS,1
20083361,CERVEZAS,TOTAL BARRANQUILLA TRADICIONALES GRANDE,CERVEZAS,0.8182
20004039,CERVEZAS,TOTAL CENTRO TRADICIONAL,CERVEZAS,0.7728
20083413,CERVEZAS,CONS LOCAL ANTIOQUIA_CHOCO,CERVEZAS,0.6938
20083491,CERVEZAS,TOTAL ANTIOQUIA_CHOCO CONVENIENCE,CERVEZAS,1
20126353,CERVEZAS,NEW_TOTAL BUCARAMANGA METRO_75,CERVEZAS,0.6895
20003996,CERVEZAS,TOTAL ANTIOQUIA-CHOCO,CERVEZAS,0.7845
20201473,CERVEZAS,AM PEREIRA TRADICIONALES_CERV,CERVEZAS,0.827
20004020,CERVEZAS,AUTOSERVICIOS LLANOS,CERVEZAS,1
20083205,CERVEZAS,TOTAL ANTIOQUIA_CHOCO TRADICIONAL,CERVEZAS,0.858
20003967,CERVEZAS,TOTAL VILLAVICENCIO METRO,CERVEZAS,0.6536
20004019,CERVEZAS,AUTOSERVICIOS CENTRO,CERVEZAS,1
20004024,CERVEZAS,CONS LOCAL PACIFICO,CERVEZAS,0.4703
20083530,CERVEZAS,TRADICIONALES + LICORERIAS CUNDI-BOY,CERVEZAS,0.7902
20083609,CERVEZAS,TOTAL CALI METRO,CERVEZAS,0.6979
20201431,CERVEZAS,DPTO CUNDINAMARCA_CERV,CERVEZAS,0.6471
20201432,CERVEZAS,DPTO ANTIOQUIA_CERV,CERVEZAS,0.7831
20083480,CERVEZAS,TOTAL ANTIOQUIA ANTIG DEF,CERVEZAS,0.7831
20199126,CERVEZAS,DPTO BOLIVAR CORDOBA SUCRE,CERVEZAS,0.5228
20126354,CERVEZAS,NEW_TOTAL CALI METRO_75,CERVEZAS,0.6979
20003915,CERVEZAS,TOTAL  BOGOTA,CERVEZAS,0.6213
20201472,CERVEZAS,AM IBAGUE ON PREMISE_CERV,CERVEZAS,0.3169
20201483,CERVEZAS,AM BOGOTA RESTO_CERV_SCAN,CERVEZAS,1
20003918,CERVEZAS,TOTAL  BOGOTA  ORIENTE,CERVEZAS,0.567
20003912,CERVEZAS,TOTAL  MEDELLIN CENTRO,CERVEZAS,0.7566
20083537,CERVEZAS,CONS LOCAL EJE CAFETERO,CERVEZAS,0.506
20199119,CERVEZAS,TOTAL 14 MERCADOS DEPARTAMENTOS,CERVEZAS,0.6592
20199123,CERVEZAS,DPTO ANTIOQUIA,CERVEZAS,0.7831
20126323,CERVEZAS,NEW_TOTAL CUNDI_BOY_75,CERVEZAS,0.6418
20083359,CERVEZAS,TOTAL BOGOTA TRADICIONALES GRANDE,CERVEZAS,0.8044
20083409,CERVEZAS,TOTAL CUNDI_BOY,CERVEZAS,0.6418
20004012,CERVEZAS,TOTAL COLOMBIA CONVENIENCE,CERVEZAS,1
20004000,CERVEZAS,TOTAL LLANOS,CERVEZAS,0.6823
20199312,CERVEZAS,AM CUCUTA RESTO,CERVEZAS,1
20083358,CERVEZAS,TOTAL BARRANQUILLA OCCIDENTE,CERVEZAS,0.6546
20126404,CERVEZAS,NEW_AUTOSERVICIOS PACIFICO_75,CERVEZAS,1
20003979,CERVEZAS,TOTAL CALI TRADICIONALES,CERVEZAS,0.7912
20126382,CERVEZAS,NEW_TOTAL BOGOTA ORIENTE_75,CERVEZAS,0.567
20004052,CERVEZAS,SUPERMERCADOS INDEPENDIENTES (SUP+MIN) CUNDI-BOY,CERVEZAS,1
20003963,CERVEZAS,TOTAL IBAGUE METROPOLITANA,CERVEZAS,0.6106
20201468,CERVEZAS,AM IBAGUE RESTO_CERV_SCAN,CERVEZAS,1
20004040,CERVEZAS,TOTAL ATLANTICO TRADICIONAL,CERVEZAS,0.5178
20004023,CERVEZAS,CONSUMO LOCAL COLOMBIA,CERVEZAS,0.5581
20003977,CERVEZAS,TOTAL PACIFICO CONVENIENCE,CERVEZAS,1
20199308,CERVEZAS,AM CARTAGENA TRADICIONALES,CERVEZAS,0.8082
20003985,CERVEZAS,TOTAL BARRANQUILLA TRADICIONALES,CERVEZAS,0.708
20083536,CERVEZAS,TOTAL PACIFICO,CERVEZAS,0.6961
20003873,CERVEZAS,AUTOSERVICIOS CENTRO ANTIG DEF,CERVEZAS,1
20003866,CERVEZAS,LICORERIAS ATLANTICO,CERVEZAS,1
20126315,CERVEZAS,NEW_TOTAL COLOMBIA METROPOLITANA_75,CERVEZAS,0.6638
20083664,CERVEZAS,AUTOSERVICIOS ATLANTICO,CERVEZAS,1
20083277,CERVEZAS,TRADICIONALES + LICORERIAS PACIFICO ANTIG DEF,CERVEZAS,0.8172
20003973,CERVEZAS,TOTAL ANTIOQUIA-CHOCO CONVENIENCE,CERVEZAS,1
20003917,CERVEZAS,TOTAL  BOGOTA  SUR,CERVEZAS,0.6614
20126319,CERVEZAS,NEW_AUTOSERVICIOS EJE CAFETERO_75,CERVEZAS,1
20083477,CERVEZAS,AUTOSERVICIOS PACIFICO,CERVEZAS,1
20003997,CERVEZAS,TOTAL SANTANDERES,CERVEZAS,0.6674
20126424,CERVEZAS,NEW_TOTAL PACIFICO_75,CERVEZAS,0.6961
20004017,CERVEZAS,AUTOSERVICIOS SANTANDERES,CERVEZAS,1
20004034,CERVEZAS,TOTAL PACIFICO TRADICIONAL,CERVEZAS,0.8029
20004022,CERVEZAS,LICORERIAS COLOMBIA,CERVEZAS,1
20201485,CERVEZAS,AM VILLAVICENCIO RESTO_CERV_SCAN,CERVEZAS,1
20083608,CERVEZAS,TOTAL BOGOTA METRO,CERVEZAS,0.623
20003957,CERVEZAS,TRADICIONALES + LICORERIAS PACIFICO,CERVEZAS,0.8163
20083278,CERVEZAS,TOTAL VILLAVICENCIO METRO,CERVEZAS,0.6536
20126403,CERVEZAS,NEW_TOTAL CALI NORTE_75,CERVEZAS,0.6493
20083677,CERVEZAS,TOTAL BARRANQUILLA METRO,CERVEZAS,0.6395
20003954,CERVEZAS,TRADICIONALES + LICORERIAS CUNDI-BOY,CERVEZAS,0.7902
20199132,CERVEZAS,DPTO CAUCA NARINO,CERVEZAS,0.6431
20201429,CERVEZAS,DPTO CAUCA NARINO_CERV,CERVEZAS,0.6431
20083329,CERVEZAS,TRADICIONALES + LICORERIAS LLANOS,CERVEZAS,0.7703
20201488,CERVEZAS,AM BARRANQUILLA RESTO_CERV_SCAN,CERVEZAS,1
20083271,CERVEZAS,CONS LOCAL SANTANDERES,CERVEZAS,0.5776
20199130,CERVEZAS,DPTO HUILA TOLIMA,CERVEZAS,0.6311
20003906,CERVEZAS,TOTAL  CALI   SUR,CERVEZAS,0.6446
20083490,CERVEZAS,TOTAL  BOGOTA  OCCIDENTE,CERVEZAS,0.619
20083481,CERVEZAS,CONS LOCAL CENTRO ANTIG DEF,CERVEZAS,0.4682
20199294,CERVEZAS,AM CARTAGENA ON PREMISE,CERVEZAS,0.4174
20083327,CERVEZAS,TRADICIONALES + LICORERIAS COLOMBIA,CERVEZAS,0.7334
20126285,CERVEZAS,NEW_TOTAL COLOMBIA ANTIG DEF_75,CERVEZAS,0.6553
20004092,CERVEZAS,TOTAL BOYACA,CERVEZAS,0.7099
20083411,CERVEZAS,TOTAL LLANOS TRADICIONAL,CERVEZAS,0.7602
20083727,CERVEZAS,TOTAL PACIFICO TRADICIONALES + MINIMERCADOS,CERVEZAS,0.8236
20004066,CERVEZAS,SUPERMERCADOS INDEPENDIENTES (SUP+MIN) COLOMBIA ANTIG DEF,CERVEZAS,1
20003870,CERVEZAS,TOTAL CENTRO ANTIG DEF,CERVEZAS,0.6571
20126289,CERVEZAS,NEW_TOTAL MEDELLIN CENTRO_75,CERVEZAS,0.7566
20126286,CERVEZAS,NEW_AUTOSERVICIOS CENTRO ANTIG DEF_75,CERVEZAS,1
20004037,CERVEZAS,TOTAL ANTIOQUIA-CHOCO TRADICIONAL,CERVEZAS,0.858
20201428,CERVEZAS,DPTO CALDAS QUINDIO RISARALDA_CERV,CERVEZAS,0.6876
20199315,CERVEZAS,AM MEDELLIN ON PREMISE,CERVEZAS,0.6362
20003995,CERVEZAS,TOTAL EJE CAFETERO,CERVEZAS,0.6876
20083273,CERVEZAS,LICORERIAS CUNDI_BOY,CERVEZAS,1
20083488,CERVEZAS,TOTAL BUCARAMANGA METRO,CERVEZAS,0.6895
20003869,CERVEZAS,CONS LOCAL ATLANTICO,CERVEZAS,0.5955
20083592,CERVEZAS,COLOMBIA SUPERMERCADOS_INDEPENDIENTES,CERVEZAS,1
20003910,CERVEZAS,TOTAL BARRANQUILLA OCCIDENTE,CERVEZAS,0.6546
20003989,CERVEZAS,TOTAL BOGOTA TRADICIONALES PEQUE�,CERVEZAS,0.7395
20201470,CERVEZAS,AM CARTAGENA RESTO_CERV_SCAN,CERVEZAS,1
20083602,CERVEZAS,AUTOSERVICIOS COLOMBIA ANTIG DEF,CERVEZAS,1
20083428,CERVEZAS,TOTAL  CALI   ORIENTE,CERVEZAS,0.7621
20083681,CERVEZAS,TOTAL BOYACA TRAD + CONS LOCAL,CERVEZAS,0.6868
20201493,CERVEZAS,AM MEDELLIN TRADICIONALES_CERV,CERVEZAS,0.9017
20083667,CERVEZAS,CONS LOCAL C_MARCA ANTIG DEF,CERVEZAS,0.5216
20199128,CERVEZAS,DPTO BOGOTA DC,CERVEZAS,0.6213
20126361,CERVEZAS,NEW_AUTOSERVICIOS CUNDI_BOY_75,CERVEZAS,1
20083535,CERVEZAS,TOTAL COLOMBIA,CERVEZAS,0.6592
20083330,CERVEZAS,TRADICIONALES + LICORERIAS CENTRO,CERVEZAS,0.7849
20126379,CERVEZAS,NEW_TOTAL BOGOTA METRO_75,CERVEZAS,0.623
20083544,CERVEZAS,AUTOSERVICIOS CUNDINAMARCA ANTIG DEF,CERVEZAS,1
20083211,CERVEZAS,LICORERIAS ATLANTICO,CERVEZAS,1
20126402,CERVEZAS,NEW_TOTAL BOGOTA_75,CERVEZAS,0.6213
20004029,CERVEZAS,CONS LOCAL CENTRO,CERVEZAS,0.4376
20083336,CERVEZAS,TOTAL CUNDI_BOY TRADICIONAL,CERVEZAS,0.7792
20126378,CERVEZAS,NEW_TOTAL IBAGUE METROPOLITANA_75,CERVEZAS,0.6106
20201494,CERVEZAS,AM PEREIRA ON PREMISE_CERV,CERVEZAS,0.5459
20199295,CERVEZAS,AM CUCUTA ON PREMISE,CERVEZAS,0.5419
20201491,CERVEZAS,AM CUCUTA ON PREMISE_CERV,CERVEZAS,0.5419
20083680,CERVEZAS,TOTAL PACIFICO CONVENIENCE,CERVEZAS,1
20126310,CERVEZAS,NEW_TOTAL CENTRO ANTIG DEF_75,CERVEZAS,0.6571
20003886,CERVEZAS,AUTOSERVICIOS PACIFICO ANTIG DEF,CERVEZAS,1
20201422,CERVEZAS,DPTO BOGOTA DC_CERV,CERVEZAS,0.6213
20083671,CERVEZAS,SUPERMERCADOS INDEPENDIENTES (SUP+MIN) ATLANTICO,CERVEZAS,1
20003999,CERVEZAS,TOTAL PACIFICO,CERVEZAS,0.6961
20003975,CERVEZAS,TOTAL LLANOS CONVENIENCE,CERVEZAS,1
20199127,CERVEZAS,DPTO SANTANDER NORTE DE SANTANDER,CERVEZAS,0.6674
20199288,CERVEZAS,AM CALI TRADICIONALES,CERVEZAS,0.7968
20021675,CERVEZAS,KIOSKOS CERV/COLOMBIA,CERVEZAS,0.9888
20126360,CERVEZAS,NEW_AUTOSERVICIOS COLOMBIA_75,CERVEZAS,1
20199303,CERVEZAS,AM BUCARAMANGA TRADICIONALES,CERVEZAS,0.7792
20004089,CERVEZAS,CONSUMO LOCAL COLOMBIA ANTIG DEF,CERVEZAS,0.5539
20083556,CERVEZAS,TOTAL MEDELLIN METRO,CERVEZAS,0.773
20201420,CERVEZAS,TOTAL 10 CIUDADES METRO_CERV_SCAN,CERVEZAS,0.6638
20083669,CERVEZAS,TOTAL PACIFICO ANTIG DEF,CERVEZAS,0.6932
20083606,CERVEZAS,SUPERMERCADOS INDEPENDIENTES (SUP+MIN) CENTRO ANTIG DEF,CERVEZAS,1
20126383,CERVEZAS,NEW_TOTAL MEDELLIN NORTE_75,CERVEZAS,0.8337
20083341,CERVEZAS,AUTOSERVICIOS EJE CAFETERO,CERVEZAS,1
20004018,CERVEZAS,AUTOSERVICIOS EJE CAFETERO,CERVEZAS,1
20083611,CERVEZAS,TOTAL  MEDELLIN SUR,CERVEZAS,0.7046
20083476,CERVEZAS,AUTOSERVICIOS CENTRO,CERVEZAS,1
20199306,CERVEZAS,AM BARRANQUILLA TRADICIONALES,CERVEZAS,0.6884
20018207,CERVEZAS,COLOMBIA SUPERMERCADOS�INDEPENDIENTES,CERVEZAS,1
20004031,CERVEZAS,CONS LOCAL EJE CAFETERO,CERVEZAS,0.506
20201430,CERVEZAS,DPTO HUILA TOLIMA_CERV,CERVEZAS,0.6311
20021663,CERVEZAS,LICORERIAS R/SANTANDERES AFI/COLOMBIA,CERVEZAS,1
20083224,CERVEZAS,TOTAL CALI TRADICIONALES PEQUE?,CERVEZAS,0.7832
20083656,CERVEZAS,COLOMBIA SUPERMERCADOS_INDEPENDIENTES ANTIG DEF,CERVEZAS,1
20083466,CERVEZAS,LLANOS TRADICIONALES + CONS LOCAL,CERVEZAS,0.6527
20083487,CERVEZAS,TOTAL IBAGUE METROPOLITANA,CERVEZAS,0.6106
20003864,CERVEZAS,AUTOSERVICIOS ANTIOQUIA ANTIG DEF,CERVEZAS,1
20003956,CERVEZAS,TRADICIONALES + LICORERIAS LLANOS,CERVEZAS,0.7703
20126393,CERVEZAS,NEW_TOTAL SANTANDERES CONVENIENCE_75,CERVEZAS,1
20083538,CERVEZAS,LICORERIAS ANTIOQUIA_CHOCO,CERVEZAS,1
20003880,CERVEZAS,TOTAL CUNDINAMARCA ANTIG DEF,CERVEZAS,0.6281
20199309,CERVEZAS,AM BARRANQUILLA RESTO,CERVEZAS,1
20003981,CERVEZAS,TOTAL CALI TRADICIONALES GRANDE,CERVEZAS,0.8241
20003976,CERVEZAS,TOTAL CUNDI-BOY CONVENIENCE,CERVEZAS,1
20083464,CERVEZAS,CUNDI_BOY TRADICIONALES + CONS LOCAL,CERVEZAS,0.6184
20199305,CERVEZAS,AM IBAGUE RESTO,CERVEZAS,1
20004054,CERVEZAS,SUPERMERCADOS INDEPENDIENTES (SUP+MIN) ATLANTICO,CERVEZAS,1
20003986,CERVEZAS,TOTAL BARRANQUILLA TRADICIONALES GRANDE,CERVEZAS,0.8182
20083672,CERVEZAS,SUPERMERCADOS INDEPENDIENTES (SUP+MIN) ANTIOQUIA_CHOCO,CERVEZAS,1
20126358,CERVEZAS,NEW_TOTAL MEDELLIN_75,CERVEZAS,0.7758
20203737,CERVEZAS,CONSUMO LOCAL BOGOTA,CERVEZAS,0.5153
20083674,CERVEZAS,SUPERMERCADOS INDEPENDIENTES (SUP+MIN) PACIFICO,CERVEZAS,1
20199289,CERVEZAS,AM BOGOTA ON PREMISE,CERVEZAS,0.5178
20004068,CERVEZAS,SUPERMERCADOS INDEPENDIENTES (SUP+MIN) C/MARCA ANTIG DEF,CERVEZAS,1
20003922,CERVEZAS,LICORERIAS PACIFICO,CERVEZAS,1
20199121,CERVEZAS,DPTO CALDAS QUINDIO RISARALDA,CERVEZAS,0.6876
20199291,CERVEZAS,AM IBAGUE ON PREMISE,CERVEZAS,0.3169
20083360,CERVEZAS,TOTAL MEDELLIN TRADICIONALES GRANDE,CERVEZAS,0.9639
20083222,CERVEZAS,TOTAL BOGOTA TRADICIONALES PEQUE?,CERVEZAS,0.7395
20083414,CERVEZAS,AUTOSERVICIOS SANTANDERES,CERVEZAS,1
20199302,CERVEZAS,AM VILLAVICENCIO TRADICIONALES,CERVEZAS,0.765
20126293,CERVEZAS,NEW_TOTAL BOYACA_75,CERVEZAS,0.7099
20126413,CERVEZAS,NEW_TOTAL ANTIOQUIA_CHOCO CONVENIENCE_75,CERVEZAS,1
20201495,CERVEZAS,AM MEDELLIN RESTO_CERV_SCAN,CERVEZAS,1
20201433,CERVEZAS,DPTO VALLE DEL CAUCA_CERV,CERVEZAS,0.717
20021676,CERVEZAS,DISCOTECAS CERV/COLOMBIA,CERVEZAS,0.9963
20083410,CERVEZAS,TOTAL ATLANTICO TRADICIONAL,CERVEZAS,0.5178
20083348,CERVEZAS,TRADICIONALES + LICORERIAS C_MARCA ANTIG DEF,CERVEZAS,0.7773
20003860,CERVEZAS,TOTAL ANTIOQUIA ANTIG DEF,CERVEZAS,0.7831
20083646,CERVEZAS,TRADICIONALES + CONS LOCAL ATLANTICO,CERVEZAS,0.5468
20003921,CERVEZAS,LICORERIAS ANTIOQUIA-CHOCO,CERVEZAS,1
20004002,CERVEZAS,TOTAL CENTRO,CERVEZAS,0.6311
20126589,CERVEZAS,NEW_TOTAL COLOMBIA CONVENIENCE_75,CERVEZAS,1
20004027,CERVEZAS,CONS LOCAL CUNDI-BOY,CERVEZAS,0.538
20003902,CERVEZAS,TRADICIONALES + LICORERIAS ATLANTICO,CERVEZAS,0.5366
20201389,CERVEZAS,TOTAL 14 MERCADOS DEPARTAMENTOS_CERV,CERVEZAS,0.6592
20083467,CERVEZAS,EJE CAFETERO TRADICIONALES + CONS LOCAL,CERVEZAS,0.6595
20130283,CERVEZAS,R LICORERIAS PACIFICO,CERVEZAS,1
